,Sigma,FID Scores,Confidence
0,0.0,47.90427467675519,0.16734374999999999
1,0.005,46.24893911232441,0.12671875
2,0.01361,47.32583514592266,0.10648437500000003
