,Sigma,FID Scores,Confidence
0,0.0,55.631081993540974,0.09023437500000002
1,0.005,54.37885560717968,0.11906250000000004
2,0.01361,54.88562439391572,0.09773437500000001
