,Sigma,FID Scores,Confidence
0,0.0,54.95998202159567,0.078671875
1,0.005,55.15315859054225,0.06296875000000002
2,0.01361,54.51495736221735,0.077890625
