,Sigma,FID Scores,Confidence
0,0.0,47.17173506913388,0.09117187500000001
1,0.005,46.46633505468952,0.10640625000000004
2,0.01361,46.95985059061703,0.09492187500000002
