,Sigma,FID Scores,Confidence
0,0.0,49.52663186690078,0.24906250000000002
1,0.005,49.59047201618454,0.24421875
