,Sigma,FID Scores,Confidence
0,0.0,51.43212834917543,0.12300781250000001
1,0.005,50.70104885143333,0.09484375
2,0.01361,50.920396254070006,0.09218750000000002
