,Sigma,FID Scores,Confidence
0,0.0,51.401408531337424,0.09070312500000001
1,0.005,50.4225953309346,0.11273437500000004
2,0.01361,50.92273749226638,0.09632812500000001
